{
    "LIMIT_BAL": 167484.32266666667, 
    "SEX": 1.6037333333333332, 
    "EDUCATION": 1.8531333333333333, 
    "MARRIAGE": 1.5518666666666667, 
    "AGE": 35.4855, 
    "PAY_0": -0.0167, 
    "PAY_2": -0.13376666666666667, 
    "PAY_3": -0.1662, 
    "PAY_4": -0.22066666666666668, 
    "PAY_5": -0.2662, 
    "PAY_6": -0.2911, 
    "BILL_AMT1": 51223.3309, 
    "BILL_AMT2": 49179.07516666667, 
    "BILL_AMT3": 47013.1548, 
    "BILL_AMT4": 43262.94896666666, 
    "BILL_AMT5": 40311.40096666667, 
    "BILL_AMT6": 38871.7604, 
    "PAY_AMT1": 5663.5805, 
    "PAY_AMT2": 5921.1635, 
    "PAY_AMT3": 5225.6815, 
    "PAY_AMT4": 4826.076866666666, 
    "PAY_AMT5": 4799.387633333334, 
    "PAY_AMT6": 5215.502566666667,
    "TOTAL_PAY_AMT": 31651.392566666666, 
    "TOTAL_BILL_AMT": 269861.6712, 
    "NUM_LATE_PAYMENTS": 0.8342, 
    "MAX_DELAY": 0.4387333333333333, 
    "LONGEST_LATE_STREAK": 0.7948333333333333
}